file,epsilon,QC,1-QS,ret,time
SDN00001_L00010_R00002.txt,0,1,0,2,0.0571951829479076
SDN00001_L00010_R00002.txt,0.01,1,0,2,0.0694855700130574
SDN00001_L00010_R00002.txt,0.02,1,0,2,0.07202469202457
SDN00001_L00010_R00002.txt,0.05,1,0,2,0.121664566977415
SDN00001_L00010_R00002.txt,0.1,1,0,2,0.0754822780145332
SDN00001_L00010_R00002.txt,0.2,1,0,2,0.121305057022255
SDN00001_L00010_R00002.txt,0.3,0.966666666666667,0.0645161290322581,2,0.0826611540396698
SDN00001_L00010_R00002.txt,0.4,0.90952380952381,0.165938864628821,2,0.0740742509951815
SDN00001_L00010_R00002.txt,0.5,0.966666666666667,0.0645161290322581,1,0.121133799024392
SDN00002_L00010_R00000.txt,0,1,0,0,0.0569733559968881
SDN00002_L00010_R00000.txt,0.01,1,0,0,0.054928147001192
SDN00002_L00010_R00000.txt,0.02,1,0,0,0.0587091789930128
SDN00002_L00010_R00000.txt,0.05,1,0,0,0.062116373970639
SDN00002_L00010_R00000.txt,0.1,1,0,0,0.11130340595264
SDN00002_L00010_R00000.txt,0.2,1,0,0,0.0642415310139768
SDN00002_L00010_R00000.txt,0.3,1,0,0,0.067630548030138
SDN00002_L00010_R00000.txt,0.4,1,0,0,0.124243726022542
SDN00002_L00010_R00000.txt,0.5,1,0,0,0.0760182440280914
SDN00003_L00010_R00001.txt,0,1,0,1,0.0101904740440659
SDN00003_L00010_R00001.txt,0.01,1,0,1,0.11367552401498
SDN00003_L00010_R00001.txt,0.02,1,0,1,0.0694248310173862
SDN00003_L00010_R00001.txt,0.05,1,0,1,0.0729594650329091
SDN00003_L00010_R00001.txt,0.1,1,0,1,0.129082524974365
SDN00003_L00010_R00001.txt,0.2,1,0,1,0.083628585038241
SDN00003_L00010_R00001.txt,0.3,1,0,1,0.0758217140100896
SDN00003_L00010_R00001.txt,0.4,0.852380952380952,0.257261410788382,0,0.128749043971766
SDN00003_L00010_R00001.txt,0.5,0.880952380952381,0.212765957446809,2,0.0776660399860703
SDN00004_L00010_R00002.txt,0,1,0,2,0.020203490043059
SDN00004_L00010_R00002.txt,0.01,1,0,2,0.127512505976483
SDN00004_L00010_R00002.txt,0.02,1,0,2,0.0790238810004666
SDN00004_L00010_R00002.txt,0.05,1,0,2,0.079599978053011
SDN00004_L00010_R00002.txt,0.1,1,0,2,0.130690324003808
SDN00004_L00010_R00002.txt,0.2,1,0,2,0.0783877809881233
SDN00004_L00010_R00002.txt,0.3,1,0,2,0.0850489940494299
SDN00004_L00010_R00002.txt,0.4,1,0,2,0.130806041008327
SDN00004_L00010_R00002.txt,0.5,0.828571428571429,0.292682926829268,0,0.0797863859916106
SDN00005_L00010_R00002.txt,0,1,0,2,0.0164485689601861
SDN00005_L00010_R00002.txt,0.01,1,0,2,0.112640662002377
SDN00005_L00010_R00002.txt,0.02,1,0,2,0.0663644870510325
SDN00005_L00010_R00002.txt,0.05,1,0,2,0.112682328966912
SDN00005_L00010_R00002.txt,0.1,1,0,2,0.0715878370101564
SDN00005_L00010_R00002.txt,0.2,1,0,2,0.0733240860281512
SDN00005_L00010_R00002.txt,0.3,0.966666666666667,0.0645161290322581,2,0.115315700997598
SDN00005_L00010_R00002.txt,0.4,1,0,2,0.0747769099543802
SDN00005_L00010_R00002.txt,0.5,0.89047619047619,0.197424892703863,1,0.117811153002549
SDN00006_L00010_R00003.txt,0,1,0,3,0.0264044009963982
SDN00006_L00010_R00003.txt,0.01,1,0,3,0.0773698389530182
SDN00006_L00010_R00003.txt,0.02,1,0,3,0.0769487750367262
SDN00006_L00010_R00003.txt,0.05,1,0,3,0.0775655100005679
SDN00006_L00010_R00003.txt,0.1,1,0,3,0.0794839279842563
SDN00006_L00010_R00003.txt,0.2,1,0,3,0.122901488037314
SDN00006_L00010_R00003.txt,0.3,1,0,3,0.082066043978557
SDN00006_L00010_R00003.txt,0.4,1,0,3,0.0835993709624745
SDN00006_L00010_R00003.txt,0.5,0.933333333333333,0.125,2,0.0817385599948466
SDN00007_L00010_R00003.txt,0,1,0,3,0.0344021869823337
SDN00007_L00010_R00003.txt,0.01,1,0,3,0.0757987700053491
SDN00007_L00010_R00003.txt,0.02,1,0,3,0.11912075598957
SDN00007_L00010_R00003.txt,0.05,1,0,3,0.0780441600363702
SDN00007_L00010_R00003.txt,0.1,1,0,3,0.0804425739916042
SDN00007_L00010_R00003.txt,0.2,1,0,3,0.121892037044745
SDN00007_L00010_R00003.txt,0.3,0.966666666666667,0.0645161290322581,2,0.0868332599638961
SDN00007_L00010_R00003.txt,0.4,0.966666666666667,0.0645161290322581,2,0.120740834041499
SDN00007_L00010_R00003.txt,0.5,0.966666666666667,0.0645161290322581,2,0.0793113430263475
SDN00008_L00010_R00003.txt,0,1,0,3,0.0247520479606465
SDN00008_L00010_R00003.txt,0.01,1,0,3,0.110905133013148
SDN00008_L00010_R00003.txt,0.02,1,0,3,0.0690023520146497
SDN00008_L00010_R00003.txt,0.05,1,0,3,0.0823647200013511
SDN00008_L00010_R00003.txt,0.1,1,0,3,0.121754940017127
SDN00008_L00010_R00003.txt,0.2,1,0,3,0.0778401030111127
SDN00008_L00010_R00003.txt,0.3,0.966666666666667,0.0645161290322581,3,0.113430398982018
SDN00008_L00010_R00003.txt,0.4,0.942857142857143,0.108108108108108,2,0.0762294279993512
SDN00008_L00010_R00003.txt,0.5,0.838095238095238,0.278688524590164,2,0.112116177973803
SDN00009_L00010_R00000.txt,0,1,0,0,0.0537817620206624
SDN00009_L00010_R00000.txt,0.01,1,0,0,0.0541195700061508
SDN00009_L00010_R00000.txt,0.02,1,0,0,0.102398672024719
SDN00009_L00010_R00000.txt,0.05,1,0,0,0.0624743680236861
SDN00009_L00010_R00000.txt,0.1,1,0,0,0.0618972069933079
SDN00009_L00010_R00000.txt,0.2,1,0,0,0.0730947640258819
SDN00009_L00010_R00000.txt,0.3,1,0,0,0.0694150479976088
SDN00009_L00010_R00000.txt,0.4,0.923809523809524,0.141592920353982,0,0.113584253995214
SDN00009_L00010_R00000.txt,0.5,0.942857142857143,0.108108108108108,0,0.0733394289854914
SDN00010_L00010_R00001.txt,0,1,0,1,0.0429199589998461
SDN00010_L00010_R00001.txt,0.01,1,0,1,0.117295880045276
SDN00010_L00010_R00001.txt,0.02,1,0,1,0.0761394400033169
SDN00010_L00010_R00001.txt,0.05,1,0,1,0.125176023982931
SDN00010_L00010_R00001.txt,0.1,1,0,1,0.0771339400089346
SDN00010_L00010_R00001.txt,0.2,0.938095238095238,0.116591928251121,1,0.121142535994295
SDN00010_L00010_R00001.txt,0.3,1,0,1,0.0763652020250447
SDN00010_L00010_R00001.txt,0.4,1,0,1,0.0782979499781504
SDN00010_L00010_R00001.txt,0.5,0.966666666666667,0.0645161290322581,1,0.127494266023859
SDN00011_L00010_R00003.txt,0,1,0,3,0.0263200709596276
SDN00011_L00010_R00003.txt,0.01,1,0,3,0.076106232998427
SDN00011_L00010_R00003.txt,0.02,1,0,3,0.0729747869772837
SDN00011_L00010_R00003.txt,0.05,1,0,3,0.0776752189849503
SDN00011_L00010_R00003.txt,0.1,1,0,3,0.124032053980045
SDN00011_L00010_R00003.txt,0.2,1,0,3,0.0780934089561924
SDN00011_L00010_R00003.txt,0.3,0.814285714285714,0.313253012048193,3,0.126262585981749
SDN00011_L00010_R00003.txt,0.4,0.942857142857143,0.108108108108108,2,0.0758442729711533
SDN00011_L00010_R00003.txt,0.5,0.90952380952381,0.165938864628821,1,0.126761698047631
SDN00012_L00010_R00000.txt,0,1,0,0,0.0588835219969042
SDN00012_L00010_R00000.txt,0.01,1,0,0,0.0582216879702173
SDN00012_L00010_R00000.txt,0.02,1,0,0,0.100068214989733
SDN00012_L00010_R00000.txt,0.05,1,0,0,0.0617629279731773
SDN00012_L00010_R00000.txt,0.1,1,0,0,0.0652900620480068
SDN00012_L00010_R00000.txt,0.2,1,0,0,0.113198061008006
SDN00012_L00010_R00000.txt,0.3,1,0,0,0.067218843032606
SDN00012_L00010_R00000.txt,0.4,1,0,0,0.0728406260022894
SDN00012_L00010_R00000.txt,0.5,0.923809523809524,0.141592920353982,0,0.117223196022678
SDN00013_L00010_R00003.txt,0,1,0,3,0.028901098005008
SDN00013_L00010_R00003.txt,0.01,1,0,3,0.0759283590014093
SDN00013_L00010_R00003.txt,0.02,1,0,3,0.116841420996934
SDN00013_L00010_R00003.txt,0.05,1,0,3,0.0716208110097796
SDN00013_L00010_R00003.txt,0.1,1,0,3,0.119661762029864
SDN00013_L00010_R00003.txt,0.2,0.966666666666667,0.0645161290322581,2,0.0750141399912536
SDN00013_L00010_R00003.txt,0.3,0.966666666666667,0.0645161290322581,2,0.0781469210051
SDN00013_L00010_R00003.txt,0.4,0.966666666666667,0.0645161290322581,2,0.120506646984722
SDN00013_L00010_R00003.txt,0.5,0.876190476190476,0.220338983050847,1,0.0768267289968208
SDN00014_L00010_R00001.txt,0,1,0,1,0.107894144020975
SDN00014_L00010_R00001.txt,0.01,1,0,1,0.0833051530062221
SDN00014_L00010_R00001.txt,0.02,1,0,1,0.129771912994329
SDN00014_L00010_R00001.txt,0.05,1,0,1,0.0871523730456829
SDN00014_L00010_R00001.txt,0.1,1,0,1,0.0868868360412307
SDN00014_L00010_R00001.txt,0.2,1,0,1,0.0858832459780388
SDN00014_L00010_R00001.txt,0.3,0.90952380952381,0.165938864628821,1,0.0882454319507815
SDN00014_L00010_R00001.txt,0.4,0.90952380952381,0.165938864628821,1,0.126727700000629
SDN00014_L00010_R00001.txt,0.5,0.90952380952381,0.165938864628821,1,0.0882107749930583
SDN00015_L00010_R00000.txt,0,1,0,0,0.109612478991039
SDN00015_L00010_R00000.txt,0.01,1,0,0,0.0586561020463705
SDN00015_L00010_R00000.txt,0.02,1,0,0,0.108574781974312
SDN00015_L00010_R00000.txt,0.05,1,0,0,0.0620506230043247
SDN00015_L00010_R00000.txt,0.1,1,0,0,0.0624401730019599
SDN00015_L00010_R00000.txt,0.2,1,0,0,0.0666892650187947
SDN00015_L00010_R00000.txt,0.3,1,0,0,0.0713913550134748
SDN00015_L00010_R00000.txt,0.4,0.852380952380952,0.257261410788382,0,0.116009533987381
SDN00015_L00010_R00000.txt,0.5,1,0,0,0.0780443779658526
SDN00016_L00010_R00003.txt,0,1,0,3,0.0260186649975367
SDN00016_L00010_R00003.txt,0.01,1,0,3,0.0756327239796519
SDN00016_L00010_R00003.txt,0.02,1,0,3,0.0767347589717247
SDN00016_L00010_R00003.txt,0.05,1,0,3,0.121345633990131
SDN00016_L00010_R00003.txt,0.1,1,0,3,0.0783130199997686
SDN00016_L00010_R00003.txt,0.2,1,0,3,0.0797075959853828
SDN00016_L00010_R00003.txt,0.3,1,0,3,0.124570254993159
SDN00016_L00010_R00003.txt,0.4,0.966666666666667,0.0645161290322581,2,0.0755425459938124
SDN00016_L00010_R00003.txt,0.5,0.876190476190476,0.220338983050847,2,0.0803367220214568
SDN00017_L00010_R00003.txt,0,1,0,3,0.0335647200117819
SDN00017_L00010_R00003.txt,0.01,1,0,3,0.0778707729768939
SDN00017_L00010_R00003.txt,0.02,1,0,3,0.120544227946084
SDN00017_L00010_R00003.txt,0.05,1,0,3,0.0921768479747698
SDN00017_L00010_R00003.txt,0.1,1,0,3,0.131028509000316
SDN00017_L00010_R00003.txt,0.2,1,0,3,0.0790875380043872
SDN00017_L00010_R00003.txt,0.3,1,0,3,0.0803613739553839
SDN00017_L00010_R00003.txt,0.4,0.928571428571429,0.133333333333333,2,0.12602483300725
SDN00017_L00010_R00003.txt,0.5,1,0,3,0.0854867190355435
SDN00018_L00010_R00000.txt,0,1,0,0,0.0591197619796731
SDN00018_L00010_R00000.txt,0.01,1,0,0,0.0555934290168807
SDN00018_L00010_R00000.txt,0.02,1,0,0,0.0591172990389168
SDN00018_L00010_R00000.txt,0.05,1,0,0,0.0633025569841266
SDN00018_L00010_R00000.txt,0.1,1,0,0,0.0640814299695194
SDN00018_L00010_R00000.txt,0.2,1,0,0,0.0737079179962166
SDN00018_L00010_R00000.txt,0.3,0.942857142857143,0.108108108108108,0,0.0715677209664136
SDN00018_L00010_R00000.txt,0.4,1,0,0,0.113765238027554
SDN00018_L00010_R00000.txt,0.5,1,0,0,0.07772948598722
SDN00019_L00010_R00002.txt,0,1,0,2,0.020836072973907
SDN00019_L00010_R00002.txt,0.01,1,0,2,0.116094136028551
SDN00019_L00010_R00002.txt,0.02,1,0,2,0.0730963329551742
SDN00019_L00010_R00002.txt,0.05,1,0,2,0.0714449509978294
SDN00019_L00010_R00002.txt,0.1,1,0,2,0.116138987010345
SDN00019_L00010_R00002.txt,0.2,1,0,2,0.0766465800115839
SDN00019_L00010_R00002.txt,0.3,1,0,2,0.0770806359942071
SDN00019_L00010_R00002.txt,0.4,0.966666666666667,0.0645161290322581,2,0.12254276900785
SDN00019_L00010_R00002.txt,0.5,0.814285714285714,0.313253012048193,2,0.0826608819770627
SDN00020_L00010_R00002.txt,0,1,0,2,0.026123705029022
SDN00020_L00010_R00002.txt,0.01,1,0,2,0.118746389984153
SDN00020_L00010_R00002.txt,0.02,1,0,2,0.0785453590215184
SDN00020_L00010_R00002.txt,0.05,1,0,2,0.122717537044082
SDN00020_L00010_R00002.txt,0.1,1,0,2,0.077666562050581
SDN00020_L00010_R00002.txt,0.2,1,0,2,0.0796505600446835
SDN00020_L00010_R00002.txt,0.3,0.966666666666667,0.0645161290322581,3,0.124114537029527
SDN00020_L00010_R00002.txt,0.4,0.966666666666667,0.0645161290322581,2,0.0792156549869105
SDN00020_L00010_R00002.txt,0.5,0.819047619047619,0.306451612903226,1,0.0836671360302717
SDN00021_L00010_R00003.txt,0,1,0,3,0.0721070609870367
SDN00021_L00010_R00003.txt,0.01,1,0,3,0.0729678359930404
SDN00021_L00010_R00003.txt,0.02,1,0,3,0.077547223016154
SDN00021_L00010_R00003.txt,0.05,1,0,3,0.1209421849926
SDN00021_L00010_R00003.txt,0.1,1,0,3,0.0783390179858543
SDN00021_L00010_R00003.txt,0.2,1,0,3,0.0834700600244105
SDN00021_L00010_R00003.txt,0.3,1,0,3,0.0827660890063271
SDN00021_L00010_R00003.txt,0.4,0.942857142857143,0.108108108108108,2,0.0827223180094734
SDN00021_L00010_R00003.txt,0.5,0.852380952380952,0.257261410788382,3,0.0847118019592017
SDN00022_L00010_R00001.txt,0,1,0,1,0.110257279011421
SDN00022_L00010_R00001.txt,0.01,1,0,1,0.0855851800297387
SDN00022_L00010_R00001.txt,0.02,1,0,1,0.127583989989944
SDN00022_L00010_R00001.txt,0.05,1,0,1,0.0837435459834524
SDN00022_L00010_R00001.txt,0.1,1,0,1,0.0917087919660844
SDN00022_L00010_R00001.txt,0.2,1,0,1,0.0871223610010929
SDN00022_L00010_R00001.txt,0.3,0.966666666666667,0.0645161290322581,1,0.0867910959641449
SDN00022_L00010_R00001.txt,0.4,1,0,1,0.132680507027544
SDN00022_L00010_R00001.txt,0.5,0.833333333333333,0.285714285714286,2,0.086921859998256
SDN00023_L00010_R00000.txt,0,1,0,0,0.10426244098926
SDN00023_L00010_R00000.txt,0.01,1,0,0,0.0579945750068873
SDN00023_L00010_R00000.txt,0.02,1,0,0,0.0652109329821542
SDN00023_L00010_R00000.txt,0.05,1,0,0,0.117271353024989
SDN00023_L00010_R00000.txt,0.1,1,0,0,0.0653781809960492
SDN00023_L00010_R00000.txt,0.2,1,0,0,0.0639729099930264
SDN00023_L00010_R00000.txt,0.3,1,0,0,0.105279445997439
SDN00023_L00010_R00000.txt,0.4,1,0,0,0.0725578020210378
SDN00023_L00010_R00000.txt,0.5,0.966666666666667,0.0645161290322581,0,0.120104046014603
SDN00024_L00010_R00001.txt,0,1,0,1,0.0316031450056471
SDN00024_L00010_R00001.txt,0.01,1,0,1,0.0778550609829836
SDN00024_L00010_R00001.txt,0.02,1,0,1,0.121723531978205
SDN00024_L00010_R00001.txt,0.05,1,0,1,0.0737866550334729
SDN00024_L00010_R00001.txt,0.1,1,0,1,0.078358328959439
SDN00024_L00010_R00001.txt,0.2,1,0,1,0.0839563139597885
SDN00024_L00010_R00001.txt,0.3,1,0,1,0.0831059620250017
SDN00024_L00010_R00001.txt,0.4,0.966666666666667,0.0645161290322581,2,0.1251477850019
SDN00024_L00010_R00001.txt,0.5,0.966666666666667,0.0645161290322581,1,0.0807436350150965
SDN00025_L00010_R00001.txt,0,1,0,1,0.0903951880172826
SDN00025_L00010_R00001.txt,0.01,1,0,1,0.0866824240074493
SDN00025_L00010_R00001.txt,0.02,1,0,1,0.0810110560269095
SDN00025_L00010_R00001.txt,0.05,1,0,1,0.0800166419940069
SDN00025_L00010_R00001.txt,0.1,1,0,1,0.0835870919981971
SDN00025_L00010_R00001.txt,0.2,1,0,1,0.125835490995087
SDN00025_L00010_R00001.txt,0.3,0.966666666666667,0.0645161290322581,1,0.0846697109518573
SDN00025_L00010_R00001.txt,0.4,0.919047619047619,0.149779735682819,1,0.126438701001462
SDN00025_L00010_R00001.txt,0.5,0.933333333333333,0.125,1,0.0856387689709663
SDN00026_L00010_R00001.txt,0,1,0,1,0.0122507479973137
SDN00026_L00010_R00001.txt,0.01,1,0,1,0.115768936986569
SDN00026_L00010_R00001.txt,0.02,1,0,1,0.0696976030012593
SDN00026_L00010_R00001.txt,0.05,1,0,1,0.0760486659710296
SDN00026_L00010_R00001.txt,0.1,1,0,1,0.118356903025415
SDN00026_L00010_R00001.txt,0.2,1,0,1,0.0745655180071481
SDN00026_L00010_R00001.txt,0.3,1,0,1,0.123981553013437
SDN00026_L00010_R00001.txt,0.4,1,0,1,0.0784277250058949
SDN00026_L00010_R00001.txt,0.5,1,0,1,0.121755117026623
SDN00027_L00010_R00001.txt,0,1,0,1,0.0366483179968782
SDN00027_L00010_R00001.txt,0.01,1,0,1,0.0850324379862286
SDN00027_L00010_R00001.txt,0.02,1,0,1,0.128882342018187
SDN00027_L00010_R00001.txt,0.05,1,0,1,0.084331450983882
SDN00027_L00010_R00001.txt,0.1,1,0,1,0.132650828978512
SDN00027_L00010_R00001.txt,0.2,1,0,1,0.0887331450358033
SDN00027_L00010_R00001.txt,0.3,0.966666666666667,0.0645161290322581,1,0.0856650570058264
SDN00027_L00010_R00001.txt,0.4,1,0,1,0.127548847987782
SDN00027_L00010_R00001.txt,0.5,0.895238095238095,0.189655172413793,2,0.0865125060081482
SDN00028_L00010_R00002.txt,0,1,0,2,0.0168620220501907
SDN00028_L00010_R00002.txt,0.01,1,0,2,0.11533863900695
SDN00028_L00010_R00002.txt,0.02,1,0,2,0.0724100790102966
SDN00028_L00010_R00002.txt,0.05,1,0,2,0.0706651520449668
SDN00028_L00010_R00002.txt,0.1,1,0,2,0.115312340960372
SDN00028_L00010_R00002.txt,0.2,1,0,2,0.0761003509978764
SDN00028_L00010_R00002.txt,0.3,1,0,2,0.119204992020968
SDN00028_L00010_R00002.txt,0.4,1,0,2,0.0784307160065509
SDN00028_L00010_R00002.txt,0.5,1,0,2,0.123688869993202
SDN00029_L00010_R00002.txt,0,1,0,2,0.0177376229548827
SDN00029_L00010_R00002.txt,0.01,1,0,2,0.0680679729557596
SDN00029_L00010_R00002.txt,0.02,1,0,2,0.0776738610002212
SDN00029_L00010_R00002.txt,0.05,1,0,2,0.11451784503879
SDN00029_L00010_R00002.txt,0.1,1,0,2,0.0780049730092287
SDN00029_L00010_R00002.txt,0.2,1,0,2,0.0836316740023904
SDN00029_L00010_R00002.txt,0.3,1,0,2,0.127122796024196
SDN00029_L00010_R00002.txt,0.4,1,0,2,0.0843931660056114
SDN00029_L00010_R00002.txt,0.5,1,0,2,0.127470501000062
SDN00030_L00010_R00003.txt,0,1,0,3,0.0253821070073172
SDN00030_L00010_R00003.txt,0.01,1,0,3,0.0736763019813225
SDN00030_L00010_R00003.txt,0.02,1,0,3,0.127769112004899
SDN00030_L00010_R00003.txt,0.05,1,0,3,0.0809522569761612
SDN00030_L00010_R00003.txt,0.1,1,0,3,0.0804519299999811
SDN00030_L00010_R00003.txt,0.2,1,0,3,0.124043020012323
SDN00030_L00010_R00003.txt,0.3,1,0,3,0.0823498250101693
SDN00030_L00010_R00003.txt,0.4,0.966666666666667,0.0645161290322581,2,0.0851863169809803
SDN00030_L00010_R00003.txt,0.5,0.857142857142857,0.25,1,0.0812900479650125
SDN00031_L00010_R00000.txt,0,1,0,0,0.061164724000264
SDN00031_L00010_R00000.txt,0.01,1,0,0,0.105078848020639
SDN00031_L00010_R00000.txt,0.02,1,0,0,0.0639313369756565
SDN00031_L00010_R00000.txt,0.05,1,0,0,0.0669070020085201
SDN00031_L00010_R00000.txt,0.1,1,0,0,0.11163140903227
SDN00031_L00010_R00000.txt,0.2,1,0,0,0.0704727539559826
SDN00031_L00010_R00000.txt,0.3,1,0,0,0.0702392469975166
SDN00031_L00010_R00000.txt,0.4,0.928571428571429,0.133333333333333,0,0.0779818510054611
SDN00031_L00010_R00000.txt,0.5,0.966666666666667,0.0645161290322581,0,0.0834866419900209
SDN00032_L00010_R00003.txt,0,1,0,3,0.0708439959562384
SDN00032_L00010_R00003.txt,0.01,1,0,3,0.0811708960100077
SDN00032_L00010_R00003.txt,0.02,1,0,3,0.0801159070106223
SDN00032_L00010_R00003.txt,0.05,1,0,3,0.123659011034761
SDN00032_L00010_R00003.txt,0.1,1,0,3,0.0779026399832219
SDN00032_L00010_R00003.txt,0.2,1,0,3,0.080050193995703
SDN00032_L00010_R00003.txt,0.3,0.966666666666667,0.0645161290322581,2,0.127429899002891
SDN00032_L00010_R00003.txt,0.4,1,0,3,0.0826166190090589
SDN00032_L00010_R00003.txt,0.5,0.90952380952381,0.165938864628821,3,0.121644327009562
SDN00033_L00010_R00000.txt,0,1,0,0,0.0573149819974788
SDN00033_L00010_R00000.txt,0.01,1,0,0,0.0568339309538715
SDN00033_L00010_R00000.txt,0.02,1,0,0,0.105797133001033
SDN00033_L00010_R00000.txt,0.05,1,0,0,0.0618258669856004
SDN00033_L00010_R00000.txt,0.1,1,0,0,0.0596017980133183
SDN00033_L00010_R00000.txt,0.2,1,0,0,0.103170147980563
SDN00033_L00010_R00000.txt,0.3,1,0,0,0.0659024839987978
SDN00033_L00010_R00000.txt,0.4,1,0,0,0.117633672023658
SDN00033_L00010_R00000.txt,0.5,0.966666666666667,0.0645161290322581,0,0.072858206985984
SDN00034_L00010_R00000.txt,0,1,0,0,0.0543267379980534
SDN00034_L00010_R00000.txt,0.01,1,0,0,0.0993378090206534
SDN00034_L00010_R00000.txt,0.02,1,0,0,0.0609930650098249
SDN00034_L00010_R00000.txt,0.05,1,0,0,0.0626581889810041
SDN00034_L00010_R00000.txt,0.1,1,0,0,0.0580523509997875
SDN00034_L00010_R00000.txt,0.2,1,0,0,0.110738132032566
SDN00034_L00010_R00000.txt,0.3,1,0,0,0.0642987509490922
SDN00034_L00010_R00000.txt,0.4,1,0,0,0.0670087659964338
SDN00034_L00010_R00000.txt,0.5,0.847619047619048,0.264462809917355,0,0.11801244301023
SDN00035_L00010_R00000.txt,0,1,0,0,0.0571352849947289
SDN00035_L00010_R00000.txt,0.01,1,0,0,0.0573315979563631
SDN00035_L00010_R00000.txt,0.02,1,0,0,0.0956674469634891
SDN00035_L00010_R00000.txt,0.05,1,0,0,0.0622217389754951
SDN00035_L00010_R00000.txt,0.1,1,0,0,0.0654355259612203
SDN00035_L00010_R00000.txt,0.2,1,0,0,0.113628437044099
SDN00035_L00010_R00000.txt,0.3,1,0,0,0.0671088470262475
SDN00035_L00010_R00000.txt,0.4,1,0,0,0.115686385950539
SDN00035_L00010_R00000.txt,0.5,0.838095238095238,0.278688524590164,0,0.0731698470190167
SDN00036_L00010_R00000.txt,0,1,0,0,0.109229204012081
SDN00036_L00010_R00000.txt,0.01,1,0,0,0.0633793789893389
SDN00036_L00010_R00000.txt,0.02,1,0,0,0.0646134419948794
SDN00036_L00010_R00000.txt,0.05,1,0,0,0.0655162470065989
SDN00036_L00010_R00000.txt,0.1,1,0,0,0.113165745977312
SDN00036_L00010_R00000.txt,0.2,1,0,0,0.0716283789952286
SDN00036_L00010_R00000.txt,0.3,1,0,0,0.0759561159648001
SDN00036_L00010_R00000.txt,0.4,0.942857142857143,0.108108108108108,0,0.118522494973149
SDN00036_L00010_R00000.txt,0.5,0.814285714285714,0.313253012048193,0,0.0700257659773342
SDN00037_L00010_R00002.txt,0,1,0,2,0.0168814599746838
SDN00037_L00010_R00002.txt,0.01,1,0,2,0.110156041977461
SDN00037_L00010_R00002.txt,0.02,1,0,2,0.073539866018109
SDN00037_L00010_R00002.txt,0.05,1,0,2,0.0746928340522572
SDN00037_L00010_R00002.txt,0.1,1,0,2,0.115418047003914
SDN00037_L00010_R00002.txt,0.2,1,0,2,0.0758252800442278
SDN00037_L00010_R00002.txt,0.3,1,0,2,0.123636876989622
SDN00037_L00010_R00002.txt,0.4,0.895238095238095,0.189655172413793,1,0.0756044510053471
SDN00037_L00010_R00002.txt,0.5,1,0,2,0.0890334469731897
SDN00038_L00010_R00003.txt,0,1,0,3,0.0665191700099967
SDN00038_L00010_R00003.txt,0.01,1,0,3,0.0732620729831979
SDN00038_L00010_R00003.txt,0.02,1,0,3,0.0755120870308019
SDN00038_L00010_R00003.txt,0.05,1,0,3,0.118870853970293
SDN00038_L00010_R00003.txt,0.1,1,0,3,0.0784613710129634
SDN00038_L00010_R00003.txt,0.2,1,0,3,0.120776059979107
SDN00038_L00010_R00003.txt,0.3,1,0,3,0.0825292289955542
SDN00038_L00010_R00003.txt,0.4,1,0,3,0.0777025070274249
SDN00038_L00010_R00003.txt,0.5,0.966666666666667,0.0645161290322581,2,0.127205634955317
SDN00039_L00010_R00001.txt,0,1,0,1,0.0670547439949587
SDN00039_L00010_R00001.txt,0.01,1,0,1,0.0914567100116983
SDN00039_L00010_R00001.txt,0.02,1,0,1,0.0876447830232792
SDN00039_L00010_R00001.txt,0.05,1,0,1,0.095450051012449
SDN00039_L00010_R00001.txt,0.1,1,0,1,0.129851102014072
SDN00039_L00010_R00001.txt,0.2,1,0,1,0.0842120129964314
SDN00039_L00010_R00001.txt,0.3,0.90952380952381,0.165938864628821,1,0.125349717040081
SDN00039_L00010_R00001.txt,0.4,0.966666666666667,0.0645161290322581,1,0.0862810910330154
SDN00039_L00010_R00001.txt,0.5,0.90952380952381,0.165938864628821,1,0.136077543022111
SDN00040_L00010_R00000.txt,0,1,0,0,0.0641780649893917
SDN00040_L00010_R00000.txt,0.01,1,0,0,0.0641347779892385
SDN00040_L00010_R00000.txt,0.02,1,0,0,0.101856091991067
SDN00040_L00010_R00000.txt,0.05,1,0,0,0.0692333100014366
SDN00040_L00010_R00000.txt,0.1,1,0,0,0.112721737008542
SDN00040_L00010_R00000.txt,0.2,1,0,0,0.0714970600092784
SDN00040_L00010_R00000.txt,0.3,1,0,0,0.0710419220267795
SDN00040_L00010_R00000.txt,0.4,0.966666666666667,0.0645161290322581,0,0.118026445969008
SDN00040_L00010_R00000.txt,0.5,0.90952380952381,0.165938864628821,0,0.0787025759927928
SDN00041_L00010_R00002.txt,0,1,0,2,0.0254256880143657
SDN00041_L00010_R00002.txt,0.01,1,0,2,0.0722605939954519
SDN00041_L00010_R00002.txt,0.02,1,0,2,0.0773412240087055
SDN00041_L00010_R00002.txt,0.05,1,0,2,0.0792931229807437
SDN00041_L00010_R00002.txt,0.1,1,0,2,0.0760479769669473
SDN00041_L00010_R00002.txt,0.2,1,0,2,0.0767368049710058
SDN00041_L00010_R00002.txt,0.3,1,0,2,0.122000821051188
SDN00041_L00010_R00002.txt,0.4,1,0,2,0.0789532710332423
SDN00041_L00010_R00002.txt,0.5,0.785714285714286,0.352941176470588,2,0.119979569979478
SDN00042_L00010_R00002.txt,0,1,0,2,0.0426384580205195
SDN00042_L00010_R00002.txt,0.01,1,0,2,0.0876224769745022
SDN00042_L00010_R00002.txt,0.02,1,0,2,0.127723329991568
SDN00042_L00010_R00002.txt,0.05,1,0,2,0.0898189169820398
SDN00042_L00010_R00002.txt,0.1,1,0,2,0.084143418003805
SDN00042_L00010_R00002.txt,0.2,1,0,2,0.0805750699946657
SDN00042_L00010_R00002.txt,0.3,1,0,2,0.0840267589665018
SDN00042_L00010_R00002.txt,0.4,1,0,2,0.0794045910006389
SDN00042_L00010_R00002.txt,0.5,0.876190476190476,0.220338983050847,1,0.126627838995773
SDN00043_L00010_R00001.txt,0,1,0,1,0.0104321740218438
SDN00043_L00010_R00001.txt,0.01,1,0,1,0.0647051190026105
SDN00043_L00010_R00001.txt,0.02,1,0,1,0.0696236979565583
SDN00043_L00010_R00001.txt,0.05,1,0,1,0.116110052971635
SDN00043_L00010_R00001.txt,0.1,1,0,1,0.0719704779912718
SDN00043_L00010_R00001.txt,0.2,0.966666666666667,0.0645161290322581,1,0.0657818169565871
SDN00043_L00010_R00001.txt,0.3,1,0,1,0.072304105036892
SDN00043_L00010_R00001.txt,0.4,0.966666666666667,0.0645161290322581,1,0.0707226819940843
SDN00043_L00010_R00001.txt,0.5,0.780952380952381,0.359375,0,0.119973787048366
SDN00044_L00010_R00002.txt,0,1,0,2,0.0158688009832986
SDN00044_L00010_R00002.txt,0.01,1,0,2,0.070394414011389
SDN00044_L00010_R00002.txt,0.02,1,0,2,0.0747030809870921
SDN00044_L00010_R00002.txt,0.05,1,0,2,0.117287528002635
SDN00044_L00010_R00002.txt,0.1,1,0,2,0.0747271190048195
SDN00044_L00010_R00002.txt,0.2,1,0,2,0.120273175998591
SDN00044_L00010_R00002.txt,0.3,1,0,2,0.081902350008022
SDN00044_L00010_R00002.txt,0.4,0.876190476190476,0.220338983050847,1,0.120773262984585
SDN00044_L00010_R00002.txt,0.5,0.819047619047619,0.306451612903226,0,0.0769148899707943
SDN00045_L00010_R00003.txt,0,1,0,3,0.0260789379826747
SDN00045_L00010_R00003.txt,0.01,1,0,3,0.0731304149958305
SDN00045_L00010_R00003.txt,0.02,1,0,3,0.075347926991526
SDN00045_L00010_R00003.txt,0.05,1,0,3,0.0824476199923083
SDN00045_L00010_R00003.txt,0.1,1,0,3,0.084667282004375
SDN00045_L00010_R00003.txt,0.2,1,0,3,0.0851292710285634
SDN00045_L00010_R00003.txt,0.3,1,0,3,0.0907413599779829
SDN00045_L00010_R00003.txt,0.4,0.933333333333333,0.125,1,0.13250116101699
SDN00045_L00010_R00003.txt,0.5,0.966666666666667,0.0645161290322581,2,0.0850155389634892
SDN00046_L00010_R00001.txt,0,1,0,1,0.0587745249504224
SDN00046_L00010_R00001.txt,0.01,1,0,1,0.14225043397164
SDN00046_L00010_R00001.txt,0.02,1,0,1,0.0987584390095435
SDN00046_L00010_R00001.txt,0.05,1,0,1,0.147128365992103
SDN00046_L00010_R00001.txt,0.1,1,0,1,0.0984737950493582
SDN00046_L00010_R00001.txt,0.2,1,0,1,0.145144592039287
SDN00046_L00010_R00001.txt,0.3,0.942857142857143,0.108108108108108,1,0.0997926520067267
SDN00046_L00010_R00001.txt,0.4,1,0,1,0.098965615965426
SDN00046_L00010_R00001.txt,0.5,0.819047619047619,0.306451612903226,1,0.140858855971601
SDN00047_L00010_R00002.txt,0,1,0,2,0.0349705439875834
SDN00047_L00010_R00002.txt,0.01,1,0,2,0.0722520700073801
SDN00047_L00010_R00002.txt,0.02,1,0,2,0.120375156053342
SDN00047_L00010_R00002.txt,0.05,1,0,2,0.0774710329715163
SDN00047_L00010_R00002.txt,0.1,1,0,2,0.120027756958734
SDN00047_L00010_R00002.txt,0.2,1,0,2,0.079473617952317
SDN00047_L00010_R00002.txt,0.3,1,0,2,0.079561730963178
SDN00047_L00010_R00002.txt,0.4,0.966666666666667,0.0645161290322581,2,0.12315157498233
SDN00047_L00010_R00002.txt,0.5,0.852380952380952,0.257261410788382,2,0.083699434006121
SDN00048_L00010_R00000.txt,0,1,0,0,0.102874000964221
SDN00048_L00010_R00000.txt,0.01,1,0,0,0.0592859560274519
SDN00048_L00010_R00000.txt,0.02,1,0,0,0.0648408019915223
SDN00048_L00010_R00000.txt,0.05,1,0,0,0.109685247996822
SDN00048_L00010_R00000.txt,0.1,1,0,0,0.0736048760008998
SDN00048_L00010_R00000.txt,0.2,1,0,0,0.0739352470263839
SDN00048_L00010_R00000.txt,0.3,1,0,0,0.0712050190195441
SDN00048_L00010_R00000.txt,0.4,0.966666666666667,0.0645161290322581,0,0.0728516799863428
SDN00048_L00010_R00000.txt,0.5,0.966666666666667,0.0645161290322581,0,0.0793167970259674
SDN00049_L00010_R00002.txt,0,1,0,2,0.0596721000038087
SDN00049_L00010_R00002.txt,0.01,1,0,2,0.0735543809714727
SDN00049_L00010_R00002.txt,0.02,1,0,2,0.0777059579850175
SDN00049_L00010_R00002.txt,0.05,1,0,2,0.0750578730367124
SDN00049_L00010_R00002.txt,0.1,1,0,2,0.108960486017168
SDN00049_L00010_R00002.txt,0.2,1,0,2,0.070184743963182
SDN00049_L00010_R00002.txt,0.3,1,0,2,0.0750835309736431
SDN00049_L00010_R00002.txt,0.4,0.933333333333333,0.125,1,0.0685587860061787
SDN00049_L00010_R00002.txt,0.5,0.966666666666667,0.0645161290322581,1,0.0798307260265574
SDN00050_L00010_R00003.txt,0,1,0,3,0.0230226349667646
SDN00050_L00010_R00003.txt,0.01,1,0,3,0.0721448800177313
SDN00050_L00010_R00003.txt,0.02,1,0,3,0.113022904028185
SDN00050_L00010_R00003.txt,0.05,1,0,3,0.0736244170111604
SDN00050_L00010_R00003.txt,0.1,1,0,3,0.119253284006845
SDN00050_L00010_R00003.txt,0.2,1,0,3,0.0771224890486337
SDN00050_L00010_R00003.txt,0.3,1,0,3,0.0775596089661121
SDN00050_L00010_R00003.txt,0.4,0.966666666666667,0.0645161290322581,3,0.12392587098293
SDN00050_L00010_R00003.txt,0.5,0.880952380952381,0.212765957446809,3,0.080166712985374
SDN00051_L00010_R00002.txt,0,1,0,2,0.016673517995514
SDN00051_L00010_R00002.txt,0.01,1,0,2,0.106077706965152
SDN00051_L00010_R00002.txt,0.02,1,0,2,0.0735866079921834
SDN00051_L00010_R00002.txt,0.05,1,0,2,0.0763898009900004
SDN00051_L00010_R00002.txt,0.1,1,0,2,0.118347954994533
SDN00051_L00010_R00002.txt,0.2,1,0,2,0.071594447013922
SDN00051_L00010_R00002.txt,0.3,0.928571428571429,0.133333333333333,3,0.0750306750414893
SDN00051_L00010_R00002.txt,0.4,0.966666666666667,0.0645161290322581,2,0.126500774989836
SDN00051_L00010_R00002.txt,0.5,1,0,2,0.0805123890168034
SDN00052_L00010_R00003.txt,0,1,0,3,0.0380008019856177
SDN00052_L00010_R00003.txt,0.01,1,0,3,0.0840281780110672
SDN00052_L00010_R00003.txt,0.02,1,0,3,0.0835712729603984
SDN00052_L00010_R00003.txt,0.05,1,0,3,0.130017260031309
SDN00052_L00010_R00003.txt,0.1,1,0,3,0.0886957519687712
SDN00052_L00010_R00003.txt,0.2,1,0,3,0.088925672986079
SDN00052_L00010_R00003.txt,0.3,1,0,3,0.0861002039746381
SDN00052_L00010_R00003.txt,0.4,1,0,3,0.0812987809767947
SDN00052_L00010_R00003.txt,0.5,1,0,3,0.1356630329974
SDN00053_L00010_R00001.txt,0,1,0,1,0.0915804210235365
SDN00053_L00010_R00001.txt,0.01,1,0,1,0.0923396599828266
SDN00053_L00010_R00001.txt,0.02,1,0,1,0.132060112955514
SDN00053_L00010_R00001.txt,0.05,1,0,1,0.0838659580331296
SDN00053_L00010_R00001.txt,0.1,1,0,1,0.128396751999389
SDN00053_L00010_R00001.txt,0.2,1,0,1,0.0833090990199707
SDN00053_L00010_R00001.txt,0.3,1,0,1,0.0909129770006985
SDN00053_L00010_R00001.txt,0.4,0.861904761904762,0.242677824267782,1,0.0884104929864407
SDN00053_L00010_R00001.txt,0.5,1,0,1,0.0931598129682243
SDN00054_L00010_R00001.txt,0,1,0,1,0.080679927021265
SDN00054_L00010_R00001.txt,0.01,1,0,1,0.0888456650427543
SDN00054_L00010_R00001.txt,0.02,1,0,1,0.0859930769656785
SDN00054_L00010_R00001.txt,0.05,1,0,1,0.0790775079512969
SDN00054_L00010_R00001.txt,0.1,1,0,1,0.0830007110489532
SDN00054_L00010_R00001.txt,0.2,1,0,1,0.125681877019815
SDN00054_L00010_R00001.txt,0.3,0.966666666666667,0.0645161290322581,1,0.0801520469831303
SDN00054_L00010_R00001.txt,0.4,0.942857142857143,0.108108108108108,1,0.126852105022408
SDN00054_L00010_R00001.txt,0.5,0.966666666666667,0.0645161290322581,1,0.0825210479670204
SDN00055_L00010_R00002.txt,0,1,0,2,0.0161214469699189
SDN00055_L00010_R00002.txt,0.01,1,0,2,0.0729221789515577
SDN00055_L00010_R00002.txt,0.02,1,0,2,0.117377035960089
SDN00055_L00010_R00002.txt,0.05,1,0,2,0.0777299320325255
SDN00055_L00010_R00002.txt,0.1,1,0,2,0.120870946033392
SDN00055_L00010_R00002.txt,0.2,1,0,2,0.0818445439799689
SDN00055_L00010_R00002.txt,0.3,0.966666666666667,0.0645161290322581,3,0.126037809997797
SDN00055_L00010_R00002.txt,0.4,0.89047619047619,0.197424892703863,2,0.0816862069768831
SDN00055_L00010_R00002.txt,0.5,0.923809523809524,0.141592920353982,1,0.0812560039921664
SDN00056_L00010_R00000.txt,0,1,0,0,0.108664529048838
SDN00056_L00010_R00000.txt,0.01,1,0,0,0.0643272660090588
SDN00056_L00010_R00000.txt,0.02,1,0,0,0.112166826031171
SDN00056_L00010_R00000.txt,0.05,1,0,0,0.068122802011203
SDN00056_L00010_R00000.txt,0.1,1,0,0,0.0727711099898443
SDN00056_L00010_R00000.txt,0.2,1,0,0,0.114786584977992
SDN00056_L00010_R00000.txt,0.3,1,0,0,0.0717652069870383
SDN00056_L00010_R00000.txt,0.4,1,0,0,0.117859935970046
SDN00056_L00010_R00000.txt,0.5,0.933333333333333,0.125,0,0.0752700679586269
SDN00057_L00010_R00002.txt,0,1,0,2,0.0260118850274012
SDN00057_L00010_R00002.txt,0.01,1,0,2,0.125437893031631
SDN00057_L00010_R00002.txt,0.02,1,0,2,0.078673998999875
SDN00057_L00010_R00002.txt,0.05,1,0,2,0.0800392840174027
SDN00057_L00010_R00002.txt,0.1,1,0,2,0.0788457129965536
SDN00057_L00010_R00002.txt,0.2,1,0,2,0.0888235379825346
SDN00057_L00010_R00002.txt,0.3,0.942857142857143,0.108108108108108,1,0.124307641002815
SDN00057_L00010_R00002.txt,0.4,0.942857142857143,0.108108108108108,1,0.0921079409890808
SDN00057_L00010_R00002.txt,0.5,0.942857142857143,0.108108108108108,1,0.134317806980107
SDN00058_L00010_R00000.txt,0,1,0,0,0.0614747909712605
SDN00058_L00010_R00000.txt,0.01,1,0,0,0.110301415959839
SDN00058_L00010_R00000.txt,0.02,1,0,0,0.0651815269957297
SDN00058_L00010_R00000.txt,0.05,1,0,0,0.0707141789607704
SDN00058_L00010_R00000.txt,0.1,1,0,0,0.109703377005644
SDN00058_L00010_R00000.txt,0.2,1,0,0,0.0745065709925257
SDN00058_L00010_R00000.txt,0.3,1,0,0,0.122024115000386
SDN00058_L00010_R00000.txt,0.4,1,0,0,0.0750787960132584
SDN00058_L00010_R00000.txt,0.5,0.966666666666667,0.0645161290322581,0,0.0737372399889864
SDN00059_L00010_R00000.txt,0,1,0,0,0.10254608199466
SDN00059_L00010_R00000.txt,0.01,1,0,0,0.0605403520166874
SDN00059_L00010_R00000.txt,0.02,1,0,0,0.0616046540089883
SDN00059_L00010_R00000.txt,0.05,1,0,0,0.106964356033131
SDN00059_L00010_R00000.txt,0.1,1,0,0,0.063284964999184
SDN00059_L00010_R00000.txt,0.2,1,0,0,0.0699753339868039
SDN00059_L00010_R00000.txt,0.3,0.89047619047619,0.197424892703863,0,0.106837872997858
SDN00059_L00010_R00000.txt,0.4,1,0,0,0.0762469100300223
SDN00059_L00010_R00000.txt,0.5,0.942857142857143,0.108108108108108,0,0.12171987403417
SDN00060_L00010_R00001.txt,0,1,0,1,0.0108946459949948
SDN00060_L00010_R00001.txt,0.01,1,0,1,0.0655780269880779
SDN00060_L00010_R00001.txt,0.02,1,0,1,0.0670571950031444
SDN00060_L00010_R00001.txt,0.05,1,0,1,0.0634421280119568
SDN00060_L00010_R00001.txt,0.1,1,0,1,0.0741561179747805
SDN00060_L00010_R00001.txt,0.2,1,0,1,0.121167585020885
SDN00060_L00010_R00001.txt,0.3,0.966666666666667,0.0645161290322581,2,0.0795829900307581
SDN00060_L00010_R00001.txt,0.4,0.923809523809524,0.141592920353982,0,0.0762718780315481
SDN00060_L00010_R00001.txt,0.5,0.942857142857143,0.108108108108108,1,0.0782366779749282
SDN00061_L00010_R00001.txt,0,1,0,1,0.0466102799982764
SDN00061_L00010_R00001.txt,0.01,1,0,1,0.125936622032896
SDN00061_L00010_R00001.txt,0.02,1,0,1,0.0793286769767292
SDN00061_L00010_R00001.txt,0.05,1,0,1,0.127504870994017
SDN00061_L00010_R00001.txt,0.1,1,0,1,0.0803976770257577
SDN00061_L00010_R00001.txt,0.2,0.966666666666667,0.0645161290322581,1,0.0839249610435218
SDN00061_L00010_R00001.txt,0.3,0.966666666666667,0.0645161290322581,2,0.0783070999896154
SDN00061_L00010_R00001.txt,0.4,0.933333333333333,0.125,1,0.0869720029877499
SDN00061_L00010_R00001.txt,0.5,0.842857142857143,0.271604938271605,1,0.127672146016266
SDN00062_L00010_R00000.txt,0,1,0,0,0.0605656360276043
SDN00062_L00010_R00000.txt,0.01,1,0,0,0.103494578041136
SDN00062_L00010_R00000.txt,0.02,1,0,0,0.0599829480051994
SDN00062_L00010_R00000.txt,0.05,1,0,0,0.112482043972705
SDN00062_L00010_R00000.txt,0.1,1,0,0,0.0723270699963905
SDN00062_L00010_R00000.txt,0.2,1,0,0,0.0722159179858863
SDN00062_L00010_R00000.txt,0.3,1,0,0,0.122967101982795
SDN00062_L00010_R00000.txt,0.4,0.966666666666667,0.0645161290322581,0,0.0779653420322575
SDN00062_L00010_R00000.txt,0.5,0.966666666666667,0.0645161290322581,0,0.116794743982609
SDN00063_L00010_R00003.txt,0,1,0,3,0.0254757269867696
SDN00063_L00010_R00003.txt,0.01,1,0,3,0.078874908038415
SDN00063_L00010_R00003.txt,0.02,1,0,3,0.118557301000692
SDN00063_L00010_R00003.txt,0.05,1,0,3,0.0793591199908406
SDN00063_L00010_R00003.txt,0.1,1,0,3,0.0800661990069784
SDN00063_L00010_R00003.txt,0.2,1,0,3,0.085910291003529
SDN00063_L00010_R00003.txt,0.3,1,0,3,0.0857801079982892
SDN00063_L00010_R00003.txt,0.4,0.814285714285714,0.313253012048193,3,0.121532751014456
SDN00063_L00010_R00003.txt,0.5,0.966666666666667,0.0645161290322581,3,0.0778890770161524
SDN00064_L00010_R00001.txt,0,1,0,1,0.010416402015835
SDN00064_L00010_R00001.txt,0.01,1,0,1,0.109017074981239
SDN00064_L00010_R00001.txt,0.02,1,0,1,0.0685271080001257
SDN00064_L00010_R00001.txt,0.05,1,0,1,0.0737023299443536
SDN00064_L00010_R00001.txt,0.1,1,0,1,0.0655951339867897
SDN00064_L00010_R00001.txt,0.2,1,0,1,0.073407296964433
SDN00064_L00010_R00001.txt,0.3,1,0,1,0.115000373043586
SDN00064_L00010_R00001.txt,0.4,1,0,1,0.0773923950036988
SDN00064_L00010_R00001.txt,0.5,1,0,1,0.0861589559935965
SDN00065_L00010_R00001.txt,0,1,0,1,0.0636571840150282
SDN00065_L00010_R00001.txt,0.01,1,0,1,0.0782313329982571
SDN00065_L00010_R00001.txt,0.02,1,0,1,0.0770485249813646
SDN00065_L00010_R00001.txt,0.05,1,0,1,0.122497899050359
SDN00065_L00010_R00001.txt,0.1,1,0,1,0.0824123899801634
SDN00065_L00010_R00001.txt,0.2,1,0,1,0.123824256996159
SDN00065_L00010_R00001.txt,0.3,1,0,1,0.0982575230300427
SDN00065_L00010_R00001.txt,0.4,0.928571428571429,0.133333333333333,1,0.128274701011833
SDN00065_L00010_R00001.txt,0.5,1,0,1,0.0935243190033361
SDN00066_L00010_R00003.txt,0,1,0,3,0.0275619379826821
SDN00066_L00010_R00003.txt,0.01,1,0,3,0.124547153012827
SDN00066_L00010_R00003.txt,0.02,1,0,3,0.0755499849910848
SDN00066_L00010_R00003.txt,0.05,1,0,3,0.0766600570059381
SDN00066_L00010_R00003.txt,0.1,1,0,3,0.129429976979736
SDN00066_L00010_R00003.txt,0.2,1,0,3,0.0781145929940976
SDN00066_L00010_R00003.txt,0.3,1,0,3,0.079522263025865
SDN00066_L00010_R00003.txt,0.4,0.966666666666667,0.0645161290322581,2,0.136941057979129
SDN00066_L00010_R00003.txt,0.5,0.966666666666667,0.0645161290322581,2,0.0888647710089572
SDN00067_L00010_R00003.txt,0,1,0,3,0.0355685669928789
SDN00067_L00010_R00003.txt,0.01,1,0,3,0.139295611996204
SDN00067_L00010_R00003.txt,0.02,1,0,3,0.0781433830270544
SDN00067_L00010_R00003.txt,0.05,1,0,3,0.126234150957316
SDN00067_L00010_R00003.txt,0.1,1,0,3,0.0825072459992953
SDN00067_L00010_R00003.txt,0.2,1,0,3,0.0802942650043406
SDN00067_L00010_R00003.txt,0.3,1,0,3,0.0834852190455422
SDN00067_L00010_R00003.txt,0.4,0.785714285714286,0.352941176470588,2,0.0876771740149707
SDN00067_L00010_R00003.txt,0.5,1,0,3,0.0798860100330785
SDN00068_L00010_R00002.txt,0,1,0,2,0.026536796009168
SDN00068_L00010_R00002.txt,0.01,1,0,2,0.0787553370464593
SDN00068_L00010_R00002.txt,0.02,1,0,2,0.0792945990106091
SDN00068_L00010_R00002.txt,0.05,1,0,2,0.125149497995153
SDN00068_L00010_R00002.txt,0.1,1,0,2,0.0836313529871404
SDN00068_L00010_R00002.txt,0.2,1,0,2,0.132196088961791
SDN00068_L00010_R00002.txt,0.3,1,0,2,0.0812521830084734
SDN00068_L00010_R00002.txt,0.4,0.757142857142857,0.390804597701149,1,0.0858489749953151
SDN00068_L00010_R00002.txt,0.5,1,0,2,0.0898079489707016
SDN00069_L00010_R00001.txt,0,1,0,1,0.0104232970043086
SDN00069_L00010_R00001.txt,0.01,1,0,1,0.0690887370146811
SDN00069_L00010_R00001.txt,0.02,1,0,1,0.102447827986907
SDN00069_L00010_R00001.txt,0.05,1,0,1,0.0623626940068789
SDN00069_L00010_R00001.txt,0.1,1,0,1,0.0651404940290377
SDN00069_L00010_R00001.txt,0.2,1,0,1,0.0714311039773747
SDN00069_L00010_R00001.txt,0.3,1,0,1,0.0720574290025979
SDN00069_L00010_R00001.txt,0.4,1,0,1,0.077483271015808
SDN00069_L00010_R00001.txt,0.5,0.933333333333333,0.125,0,0.121537848026492
SDN00070_L00010_R00002.txt,0,1,0,2,0.0506038879975677
SDN00070_L00010_R00002.txt,0.01,1,0,2,0.0902860869537108
SDN00070_L00010_R00002.txt,0.02,1,0,2,0.135050871002022
SDN00070_L00010_R00002.txt,0.05,1,0,2,0.0892129549756646
SDN00070_L00010_R00002.txt,0.1,1,0,2,0.137185863975901
SDN00070_L00010_R00002.txt,0.2,1,0,2,0.0925626789685339
SDN00070_L00010_R00002.txt,0.3,1,0,2,0.0897072569932789
SDN00070_L00010_R00002.txt,0.4,0.895238095238095,0.189655172413793,2,0.134832139010541
SDN00070_L00010_R00002.txt,0.5,1,0,2,0.093291751050856
SDN00071_L00010_R00002.txt,0,1,0,2,0.0278688249527477
SDN00071_L00010_R00002.txt,0.01,1,0,2,0.0844842349761166
SDN00071_L00010_R00002.txt,0.02,1,0,2,0.073190925992094
SDN00071_L00010_R00002.txt,0.05,1,0,2,0.0782561919768341
SDN00071_L00010_R00002.txt,0.1,1,0,2,0.125121891032904
SDN00071_L00010_R00002.txt,0.2,1,0,2,0.0849664080305956
SDN00071_L00010_R00002.txt,0.3,1,0,2,0.122340628993697
SDN00071_L00010_R00002.txt,0.4,0.966666666666667,0.0645161290322581,3,0.0856905360124074
SDN00071_L00010_R00002.txt,0.5,1,0,2,0.0853709069779143
SDN00072_L00010_R00000.txt,0,1,0,0,0.104813400015701
SDN00072_L00010_R00000.txt,0.01,1,0,0,0.060649505991023
SDN00072_L00010_R00000.txt,0.02,1,0,0,0.0625455710105598
SDN00072_L00010_R00000.txt,0.05,1,0,0,0.0607121179928072
SDN00072_L00010_R00000.txt,0.1,1,0,0,0.0657399710034952
SDN00072_L00010_R00000.txt,0.2,1,0,0,0.111347383994143
SDN00072_L00010_R00000.txt,0.3,1,0,0,0.0746417230111547
SDN00072_L00010_R00000.txt,0.4,1,0,0,0.115464273025282
SDN00072_L00010_R00000.txt,0.5,0.942857142857143,0.108108108108108,0,0.0778621379868127
SDN00073_L00010_R00002.txt,0,1,0,2,0.047213557001669
SDN00073_L00010_R00002.txt,0.01,1,0,2,0.128278549993411
SDN00073_L00010_R00002.txt,0.02,1,0,2,0.0859626440214925
SDN00073_L00010_R00002.txt,0.05,1,0,2,0.0887063799891621
SDN00073_L00010_R00002.txt,0.1,1,0,2,0.132470678014215
SDN00073_L00010_R00002.txt,0.2,1,0,2,0.0878934870124795
SDN00073_L00010_R00002.txt,0.3,1,0,2,0.0943209000397474
SDN00073_L00010_R00002.txt,0.4,0.942857142857143,0.108108108108108,2,0.135548688995186
SDN00073_L00010_R00002.txt,0.5,0.814285714285714,0.313253012048193,1,0.0936632399680093
SDN00074_L00010_R00000.txt,0,1,0,0,0.108118396019563
SDN00074_L00010_R00000.txt,0.01,1,0,0,0.065444606996607
SDN00074_L00010_R00000.txt,0.02,1,0,0,0.0651021350058727
SDN00074_L00010_R00000.txt,0.05,1,0,0,0.0678713889792562
SDN00074_L00010_R00000.txt,0.1,1,0,0,0.114215212001
SDN00074_L00010_R00000.txt,0.2,0.966666666666667,0.0645161290322581,0,0.0766688230214641
SDN00074_L00010_R00000.txt,0.3,0.966666666666667,0.0645161290322581,0,0.129241275019012
SDN00074_L00010_R00000.txt,0.4,1,0,0,0.0829191519878805
SDN00074_L00010_R00000.txt,0.5,1,0,0,0.0734502680134028
SDN00075_L00010_R00001.txt,0,1,0,1,0.0357908810256049
SDN00075_L00010_R00001.txt,0.01,1,0,1,0.123661420017015
SDN00075_L00010_R00001.txt,0.02,1,0,1,0.0826636879937723
SDN00075_L00010_R00001.txt,0.05,1,0,1,0.12616496195551
SDN00075_L00010_R00001.txt,0.1,1,0,1,0.0872602349845693
SDN00075_L00010_R00001.txt,0.2,0.966666666666667,0.0645161290322581,1,0.0859549960005097
SDN00075_L00010_R00001.txt,0.3,0.942857142857143,0.108108108108108,1,0.128786263987422
SDN00075_L00010_R00001.txt,0.4,0.942857142857143,0.108108108108108,1,0.0853112550103106
SDN00075_L00010_R00001.txt,0.5,0.966666666666667,0.0645161290322581,1,0.134641778015066
SDN00076_L00010_R00002.txt,0,1,0,2,0.0219040930387564
SDN00076_L00010_R00002.txt,0.01,1,0,2,0.0657874289900065
SDN00076_L00010_R00002.txt,0.02,1,0,2,0.0729943490005098
SDN00076_L00010_R00002.txt,0.05,1,0,2,0.0761152389459312
SDN00076_L00010_R00002.txt,0.1,1,0,2,0.0826439060037956
SDN00076_L00010_R00002.txt,0.2,1,0,2,0.126225858984981
SDN00076_L00010_R00002.txt,0.3,1,0,2,0.0797122910153121
SDN00076_L00010_R00002.txt,0.4,0.904761904761905,0.173913043478261,2,0.0858141749631614
SDN00076_L00010_R00002.txt,0.5,0.852380952380952,0.257261410788382,1,0.0843601819942705
SDN00077_L00010_R00001.txt,0,1,0,1,0.0519209599588066
SDN00077_L00010_R00001.txt,0.01,1,0,1,0.1343064950197
SDN00077_L00010_R00001.txt,0.02,1,0,1,0.0903980450239033
SDN00077_L00010_R00001.txt,0.05,1,0,1,0.0898952130228281
SDN00077_L00010_R00001.txt,0.1,1,0,1,0.133657565980684
SDN00077_L00010_R00001.txt,0.2,1,0,1,0.0968097859877162
SDN00077_L00010_R00001.txt,0.3,1,0,1,0.135465256986208
SDN00077_L00010_R00001.txt,0.4,1,0,1,0.0939754159771837
SDN00077_L00010_R00001.txt,0.5,0.852380952380952,0.257261410788382,1,0.142289239971433
SDN00078_L00010_R00001.txt,0,1,0,1,0.0366463729878888
SDN00078_L00010_R00001.txt,0.01,1,0,1,0.0861950800172053
SDN00078_L00010_R00001.txt,0.02,1,0,1,0.128366623015609
SDN00078_L00010_R00001.txt,0.05,1,0,1,0.0928494919789955
SDN00078_L00010_R00001.txt,0.1,1,0,1,0.13184165902203
SDN00078_L00010_R00001.txt,0.2,1,0,1,0.0915783140226267
SDN00078_L00010_R00001.txt,0.3,0.938095238095238,0.116591928251121,1,0.0880464779911563
SDN00078_L00010_R00001.txt,0.4,0.966666666666667,0.0645161290322581,1,0.137101455999073
SDN00078_L00010_R00001.txt,0.5,0.823809523809524,0.299595141700405,1,0.0938826560159214
SDN00079_L00010_R00003.txt,0,1,0,3,0.0288679859950207
SDN00079_L00010_R00003.txt,0.01,1,0,3,0.0810722559690476
SDN00079_L00010_R00003.txt,0.02,1,0,3,0.12852158898022
SDN00079_L00010_R00003.txt,0.05,1,0,3,0.0897281939978711
SDN00079_L00010_R00003.txt,0.1,1,0,3,0.128072113031521
SDN00079_L00010_R00003.txt,0.2,1,0,3,0.0829684929922223
SDN00079_L00010_R00003.txt,0.3,0.923809523809524,0.141592920353982,2,0.08740542299347
SDN00079_L00010_R00003.txt,0.4,0.852380952380952,0.257261410788382,3,0.0818874760298058
SDN00079_L00010_R00003.txt,0.5,0.819047619047619,0.306451612903226,2,0.125480736023746
SDN00080_L00010_R00002.txt,0,1,0,2,0.0172419479931705
SDN00080_L00010_R00002.txt,0.01,1,0,2,0.0706149860052392
SDN00080_L00010_R00002.txt,0.02,1,0,2,0.117564759973902
SDN00080_L00010_R00002.txt,0.05,1,0,2,0.0788462969940156
SDN00080_L00010_R00002.txt,0.1,1,0,2,0.0835938439704478
SDN00080_L00010_R00002.txt,0.2,1,0,2,0.124058751971461
SDN00080_L00010_R00002.txt,0.3,1,0,2,0.0803995769820176
SDN00080_L00010_R00002.txt,0.4,0.871428571428571,0.227848101265823,2,0.0787526399944909
SDN00080_L00010_R00002.txt,0.5,0.90952380952381,0.165938864628821,0,0.129900668980554
SDN00081_L00010_R00002.txt,0,1,0,2,0.0196127659874037
SDN00081_L00010_R00002.txt,0.01,1,0,2,0.0781598589965142
SDN00081_L00010_R00002.txt,0.02,1,0,2,0.122664842987433
SDN00081_L00010_R00002.txt,0.05,1,0,2,0.0790219869813882
SDN00081_L00010_R00002.txt,0.1,1,0,2,0.0838609070051462
SDN00081_L00010_R00002.txt,0.2,1,0,2,0.130061563977506
SDN00081_L00010_R00002.txt,0.3,1,0,2,0.0885671179858036
SDN00081_L00010_R00002.txt,0.4,0.90952380952381,0.165938864628821,2,0.130114324972965
SDN00081_L00010_R00002.txt,0.5,0.814285714285714,0.313253012048193,0,0.0919421570142731
SDN00082_L00010_R00002.txt,0,1,0,2,0.0167662070016377
SDN00082_L00010_R00002.txt,0.01,1,0,2,0.0712948860018514
SDN00082_L00010_R00002.txt,0.02,1,0,2,0.115358303009998
SDN00082_L00010_R00002.txt,0.05,1,0,2,0.0728234099806286
SDN00082_L00010_R00002.txt,0.1,1,0,2,0.0796708349953406
SDN00082_L00010_R00002.txt,0.2,1,0,2,0.124234054004774
SDN00082_L00010_R00002.txt,0.3,0.966666666666667,0.0645161290322581,3,0.0759926830069162
SDN00082_L00010_R00002.txt,0.4,0.871428571428571,0.227848101265823,0,0.0780613200040534
SDN00082_L00010_R00002.txt,0.5,0.966666666666667,0.0645161290322581,2,0.128939274989534
SDN00083_L00010_R00002.txt,0,1,0,2,0.0170333929709159
SDN00083_L00010_R00002.txt,0.01,1,0,2,0.070556546037551
SDN00083_L00010_R00002.txt,0.02,1,0,2,0.113707640965004
SDN00083_L00010_R00002.txt,0.05,1,0,2,0.0760498419986107
SDN00083_L00010_R00002.txt,0.1,1,0,2,0.0763185630203225
SDN00083_L00010_R00002.txt,0.2,1,0,2,0.0737786759855226
SDN00083_L00010_R00002.txt,0.3,0.966666666666667,0.0645161290322581,2,0.0786148369661532
SDN00083_L00010_R00002.txt,0.4,0.876190476190476,0.220338983050847,2,0.131305838993285
SDN00083_L00010_R00002.txt,0.5,0.871428571428571,0.227848101265823,1,0.0807133900234476
SDN00084_L00010_R00000.txt,0,1,0,0,0.0640370129840449
SDN00084_L00010_R00000.txt,0.01,1,0,0,0.0608888689894229
SDN00084_L00010_R00000.txt,0.02,1,0,0,0.0688989189802669
SDN00084_L00010_R00000.txt,0.05,1,0,0,0.1145664609503
SDN00084_L00010_R00000.txt,0.1,1,0,0,0.0743563530268148
SDN00084_L00010_R00000.txt,0.2,1,0,0,0.0759686569799669
SDN00084_L00010_R00000.txt,0.3,1,0,0,0.118223097990267
SDN00084_L00010_R00000.txt,0.4,0.942857142857143,0.108108108108108,0,0.0782023329520598
SDN00084_L00010_R00000.txt,0.5,0.942857142857143,0.108108108108108,0,0.0897407599841245
SDN00085_L00010_R00000.txt,0,1,0,0,0.0635958039783873
SDN00085_L00010_R00000.txt,0.01,1,0,0,0.0632966410485096
SDN00085_L00010_R00000.txt,0.02,1,0,0,0.0651616909890436
SDN00085_L00010_R00000.txt,0.05,1,0,0,0.0706278079887852
SDN00085_L00010_R00000.txt,0.1,1,0,0,0.0708073140121996
SDN00085_L00010_R00000.txt,0.2,1,0,0,0.0751503480132669
SDN00085_L00010_R00000.txt,0.3,1,0,0,0.121280983963516
SDN00085_L00010_R00000.txt,0.4,0.966666666666667,0.0645161290322581,0,0.088107556977775
SDN00085_L00010_R00000.txt,0.5,0.966666666666667,0.0645161290322581,0,0.0799141390016303
SDN00086_L00010_R00000.txt,0,1,0,0,0.0615113059757277
SDN00086_L00010_R00000.txt,0.01,1,0,0,0.0641652780468576
SDN00086_L00010_R00000.txt,0.02,1,0,0,0.109328198013827
SDN00086_L00010_R00000.txt,0.05,1,0,0,0.0695934380055405
SDN00086_L00010_R00000.txt,0.1,1,0,0,0.116305940027814
SDN00086_L00010_R00000.txt,0.2,1,0,0,0.0780015019699931
SDN00086_L00010_R00000.txt,0.3,0.933333333333333,0.125,0,0.0748380480217747
SDN00086_L00010_R00000.txt,0.4,1,0,0,0.127642678970005
SDN00086_L00010_R00000.txt,0.5,0.871428571428571,0.227848101265823,0,0.086604495998472
SDN00087_L00010_R00003.txt,0,1,0,3,0.0281887800083496
SDN00087_L00010_R00003.txt,0.01,1,0,3,0.079218023980502
SDN00087_L00010_R00003.txt,0.02,1,0,3,0.0849032620317303
SDN00087_L00010_R00003.txt,0.05,1,0,3,0.085135639004875
SDN00087_L00010_R00003.txt,0.1,1,0,3,0.121059163997415
SDN00087_L00010_R00003.txt,0.2,0.928571428571429,0.133333333333333,3,0.0741690089926124
SDN00087_L00010_R00003.txt,0.3,1,0,3,0.079518779006321
SDN00087_L00010_R00003.txt,0.4,1,0,3,0.119572321011219
SDN00087_L00010_R00003.txt,0.5,0.895238095238095,0.189655172413793,1,0.0796320869703777
SDN00088_L00010_R00003.txt,0,1,0,3,0.0256762250210159
SDN00088_L00010_R00003.txt,0.01,1,0,3,0.0781747299479321
SDN00088_L00010_R00003.txt,0.02,1,0,3,0.12145935598528
SDN00088_L00010_R00003.txt,0.05,1,0,3,0.0796171299880371
SDN00088_L00010_R00003.txt,0.1,1,0,3,0.119909711007494
SDN00088_L00010_R00003.txt,0.2,1,0,3,0.0818063420010731
SDN00088_L00010_R00003.txt,0.3,1,0,3,0.0905676870024763
SDN00088_L00010_R00003.txt,0.4,0.923809523809524,0.141592920353982,2,0.0821053169784136
SDN00088_L00010_R00003.txt,0.5,0.966666666666667,0.0645161290322581,2,0.0834001850453205
SDN00089_L00010_R00000.txt,0,1,0,0,0.099944801942911
SDN00089_L00010_R00000.txt,0.01,1,0,0,0.0605870529543608
SDN00089_L00010_R00000.txt,0.02,1,0,0,0.104593603988178
SDN00089_L00010_R00000.txt,0.05,1,0,0,0.0652077679987997
SDN00089_L00010_R00000.txt,0.1,1,0,0,0.0706842530053109
SDN00089_L00010_R00000.txt,0.2,1,0,0,0.117066426028032
SDN00089_L00010_R00000.txt,0.3,1,0,0,0.0732658969936892
SDN00089_L00010_R00000.txt,0.4,1,0,0,0.0843097039614804
SDN00089_L00010_R00000.txt,0.5,0.933333333333333,0.125,0,0.130097679037135
SDN00090_L00010_R00003.txt,0,1,0,3,0.0265307900262997
SDN00090_L00010_R00003.txt,0.01,1,0,3,0.0787109149969183
SDN00090_L00010_R00003.txt,0.02,1,0,3,0.0821085260249674
SDN00090_L00010_R00003.txt,0.05,1,0,3,0.128090601006988
SDN00090_L00010_R00003.txt,0.1,1,0,3,0.083643738005776
SDN00090_L00010_R00003.txt,0.2,1,0,3,0.083062254008837
SDN00090_L00010_R00003.txt,0.3,1,0,3,0.130384640011471
SDN00090_L00010_R00003.txt,0.4,0.966666666666667,0.0645161290322581,2,0.082417405967135
SDN00090_L00010_R00003.txt,0.5,0.861904761904762,0.242677824267782,1,0.0914852559799328
SDN00091_L00010_R00003.txt,0,1,0,3,0.0288187279948033
SDN00091_L00010_R00003.txt,0.01,1,0,3,0.126128064992372
SDN00091_L00010_R00003.txt,0.02,1,0,3,0.0858039049780928
SDN00091_L00010_R00003.txt,0.05,1,0,3,0.0896233710227534
SDN00091_L00010_R00003.txt,0.1,1,0,3,0.132932615990285
SDN00091_L00010_R00003.txt,0.2,1,0,3,0.091018075007014
SDN00091_L00010_R00003.txt,0.3,1,0,3,0.138336790958419
SDN00091_L00010_R00003.txt,0.4,1,0,3,0.0907500789617188
SDN00091_L00010_R00003.txt,0.5,0.904761904761905,0.173913043478261,2,0.0910809619817883
SDN00092_L00010_R00003.txt,0,1,0,3,0.0282667609862983
SDN00092_L00010_R00003.txt,0.01,1,0,3,0.121893592993729
SDN00092_L00010_R00003.txt,0.02,1,0,3,0.0771020160173066
SDN00092_L00010_R00003.txt,0.05,1,0,3,0.122384312970098
SDN00092_L00010_R00003.txt,0.1,1,0,3,0.0810690229991451
SDN00092_L00010_R00003.txt,0.2,1,0,3,0.079561049991753
SDN00092_L00010_R00003.txt,0.3,1,0,3,0.130296126997564
SDN00092_L00010_R00003.txt,0.4,1,0,3,0.0814466429874301
SDN00092_L00010_R00003.txt,0.5,0.823809523809524,0.299595141700405,2,0.13507793599274
SDN00093_L00010_R00003.txt,0,1,0,3,0.0428062179707922
SDN00093_L00010_R00003.txt,0.01,1,0,3,0.093645563989412
SDN00093_L00010_R00003.txt,0.02,1,0,3,0.133362404012587
SDN00093_L00010_R00003.txt,0.05,1,0,3,0.0952954980311915
SDN00093_L00010_R00003.txt,0.1,1,0,3,0.138595020980574
SDN00093_L00010_R00003.txt,0.2,0.966666666666667,0.0645161290322581,2,0.094778219005093
SDN00093_L00010_R00003.txt,0.3,0.966666666666667,0.0645161290322581,2,0.1395214459626
SDN00093_L00010_R00003.txt,0.4,1,0,3,0.0986838910030201
SDN00093_L00010_R00003.txt,0.5,0.566666666666667,0.604651162790698,0,0.0909317889600061
SDN00094_L00010_R00002.txt,0,1,0,2,0.0174392460030504
SDN00094_L00010_R00002.txt,0.01,1,0,2,0.079145290015731
SDN00094_L00010_R00002.txt,0.02,1,0,2,0.0755852680304088
SDN00094_L00010_R00002.txt,0.05,1,0,2,0.12024336901959
SDN00094_L00010_R00002.txt,0.1,1,0,2,0.0844836389878765
SDN00094_L00010_R00002.txt,0.2,1,0,2,0.081168289994821
SDN00094_L00010_R00002.txt,0.3,1,0,2,0.125497287954204
SDN00094_L00010_R00002.txt,0.4,1,0,2,0.0890355299925432
SDN00094_L00010_R00002.txt,0.5,0.871428571428571,0.227848101265823,1,0.134433861996513
SDN00095_L00010_R00003.txt,0,1,0,3,0.0401495529804379
SDN00095_L00010_R00003.txt,0.01,1,0,3,0.0812461209716275
SDN00095_L00010_R00003.txt,0.02,1,0,3,0.120443687017541
SDN00095_L00010_R00003.txt,0.05,1,0,3,0.0828637860249728
SDN00095_L00010_R00003.txt,0.1,1,0,3,0.126182178035378
SDN00095_L00010_R00003.txt,0.2,1,0,3,0.0824402239522897
SDN00095_L00010_R00003.txt,0.3,1,0,3,0.12838119402295
SDN00095_L00010_R00003.txt,0.4,1,0,3,0.0816844300134108
SDN00095_L00010_R00003.txt,0.5,0.861904761904762,0.242677824267782,2,0.0850226209731773
SDN00096_L00010_R00002.txt,0,1,0,2,0.0699740939890035
SDN00096_L00010_R00002.txt,0.01,1,0,2,0.0770529130240902
SDN00096_L00010_R00002.txt,0.02,1,0,2,0.0806767079629935
SDN00096_L00010_R00002.txt,0.05,1,0,2,0.119683476979844
SDN00096_L00010_R00002.txt,0.1,1,0,2,0.0828681020066142
SDN00096_L00010_R00002.txt,0.2,0.966666666666667,0.0645161290322581,1,0.120606056996621
SDN00096_L00010_R00002.txt,0.3,1,0,2,0.0865676230168901
SDN00096_L00010_R00002.txt,0.4,0.966666666666667,0.0645161290322581,1,0.125441481999587
SDN00096_L00010_R00002.txt,0.5,0.966666666666667,0.0645161290322581,1,0.0804402850335464
SDN00097_L00010_R00003.txt,0,1,0,3,0.027895208040718
SDN00097_L00010_R00003.txt,0.01,1,0,3,0.119867513945792
SDN00097_L00010_R00003.txt,0.02,1,0,3,0.077206781017594
SDN00097_L00010_R00003.txt,0.05,1,0,3,0.0879215959575959
SDN00097_L00010_R00003.txt,0.1,1,0,3,0.126810033980291
SDN00097_L00010_R00003.txt,0.2,1,0,3,0.0840224789571948
SDN00097_L00010_R00003.txt,0.3,1,0,3,0.0907643269747496
SDN00097_L00010_R00003.txt,0.4,1,0,3,0.133382941014133
SDN00097_L00010_R00003.txt,0.5,0.966666666666667,0.0645161290322581,2,0.0850441670045257
SDN00098_L00010_R00002.txt,0,1,0,2,0.0217366339638829
SDN00098_L00010_R00002.txt,0.01,1,0,2,0.113257971999701
SDN00098_L00010_R00002.txt,0.02,1,0,2,0.0773609949974343
SDN00098_L00010_R00002.txt,0.05,1,0,2,0.0722127180197276
SDN00098_L00010_R00002.txt,0.1,1,0,2,0.117859093996231
SDN00098_L00010_R00002.txt,0.2,1,0,2,0.0773769859806635
SDN00098_L00010_R00002.txt,0.3,0.928571428571429,0.133333333333333,2,0.121653329988476
SDN00098_L00010_R00002.txt,0.4,0.966666666666667,0.0645161290322581,3,0.0749522960395552
SDN00098_L00010_R00002.txt,0.5,0.838095238095238,0.278688524590164,3,0.0777423339895904
SDN00099_L00010_R00002.txt,0,1,0,2,0.0174924270249903
SDN00099_L00010_R00002.txt,0.01,1,0,2,0.114249808015302
SDN00099_L00010_R00002.txt,0.02,1,0,2,0.0732062910101377
SDN00099_L00010_R00002.txt,0.05,1,0,2,0.0770241449936293
SDN00099_L00010_R00002.txt,0.1,1,0,2,0.0791177970240824
SDN00099_L00010_R00002.txt,0.2,1,0,2,0.0795512600452639
SDN00099_L00010_R00002.txt,0.3,0.966666666666667,0.0645161290322581,3,0.128138512023725
SDN00099_L00010_R00002.txt,0.4,1,0,2,0.0862765299971215
SDN00099_L00010_R00002.txt,0.5,0.852380952380952,0.257261410788382,1,0.086174129974097
SDN00100_L00010_R00003.txt,0,1,0,3,0.0274364519864321
SDN00100_L00010_R00003.txt,0.01,1,0,3,0.0803468879894353
SDN00100_L00010_R00003.txt,0.02,1,0,3,0.0826240769820288
SDN00100_L00010_R00003.txt,0.05,1,0,3,0.126268414955121
SDN00100_L00010_R00003.txt,0.1,1,0,3,0.0846987079712562
SDN00100_L00010_R00003.txt,0.2,1,0,3,0.0859142629778944
SDN00100_L00010_R00003.txt,0.3,0.847619047619048,0.264462809917355,2,0.126033353037201
SDN00100_L00010_R00003.txt,0.4,1,0,3,0.0864371389616281
SDN00100_L00010_R00003.txt,0.5,0.819047619047619,0.306451612903226,3,0.0837819810258225
SDN00101_L00015_R00005.txt,0,1,0,5,0.291597716975957
SDN00101_L00015_R00005.txt,0.01,1,0,5,0.88655859202845
SDN00101_L00015_R00005.txt,0.02,1,0,5,0.798224633967038
SDN00101_L00015_R00005.txt,0.05,1,0,5,0.756047773000319
SDN00101_L00015_R00005.txt,0.1,1,0,5,0.761783362017013
SDN00101_L00015_R00005.txt,0.2,0.991208791208791,0.0174291938997821,5,0.862996676005423
SDN00101_L00015_R00005.txt,0.3,0.978021978021978,0.043010752688172,4,0.713114406040404
SDN00101_L00015_R00005.txt,0.4,0.991208791208791,0.0174291938997821,5,0.736789912043605
SDN00101_L00015_R00005.txt,0.5,0.931135531135531,0.128855380397533,2,1.13699912198354
SDN00102_L00015_R00002.txt,0,1,0,2,0.215015603986103
SDN00102_L00015_R00002.txt,0.01,1,0,2,0.850887362030335
SDN00102_L00015_R00002.txt,0.02,1,0,2,0.646977521013469
SDN00102_L00015_R00002.txt,0.05,1,0,2,0.647404193005059
SDN00102_L00015_R00002.txt,0.1,1,0,2,0.689913913025521
SDN00102_L00015_R00002.txt,0.2,1,0,2,0.916395145002753
SDN00102_L00015_R00002.txt,0.3,0.969230769230769,0.0597014925373134,2,0.727970894949976
SDN00102_L00015_R00002.txt,0.4,1,0,2,0.750681623991113
SDN00102_L00015_R00002.txt,0.5,0.951648351648352,0.0922431865828092,1,0.797517471015453
SDN00103_L00015_R00001.txt,0,1,0,1,0.857281300995965
SDN00103_L00015_R00001.txt,0.01,1,0,1,0.988069978018757
SDN00103_L00015_R00001.txt,0.02,1,0,1,1.0183249990223
SDN00103_L00015_R00001.txt,0.05,1,0,1,1.00631081900792
SDN00103_L00015_R00001.txt,0.1,1,0,1,1.03103692998411
SDN00103_L00015_R00001.txt,0.2,0.983882783882784,0.0317231434751262,1,1.01597186399158
SDN00103_L00015_R00001.txt,0.3,1,0,1,1.05767612997442
SDN00103_L00015_R00001.txt,0.4,0.945054945054945,0.104166666666667,1,0.924183710012585
SDN00103_L00015_R00001.txt,0.5,0.904029304029304,0.175133689839572,1,1.10590226802742
SDN00104_L00015_R00000.txt,0,1,0,0,0.656312085979153
SDN00104_L00015_R00000.txt,0.01,1,0,0,0.552968431962654
SDN00104_L00015_R00000.txt,0.02,1,0,0,0.756977092998568
SDN00104_L00015_R00000.txt,0.05,1,0,0,0.800780627003405
SDN00104_L00015_R00000.txt,0.1,1,0,0,0.781725168984849
SDN00104_L00015_R00000.txt,0.2,1,0,0,0.795341287041083
SDN00104_L00015_R00000.txt,0.3,1,0,0,0.632921629992779
SDN00104_L00015_R00000.txt,0.4,0.983882783882784,0.0317231434751262,0,0.929787839995697
SDN00104_L00015_R00000.txt,0.5,0.961904761904762,0.073394495412844,0,1.1004056300153
SDN00105_L00015_R00004.txt,0,1,0,4,0.313544964999892
SDN00105_L00015_R00004.txt,0.01,1,0,4,0.808705727977213
SDN00105_L00015_R00004.txt,0.02,1,0,4,0.764519943972118
SDN00105_L00015_R00004.txt,0.05,1,0,4,0.723134504980408
SDN00105_L00015_R00004.txt,0.1,1,0,4,0.726051670964807
SDN00105_L00015_R00004.txt,0.2,1,0,4,0.731875151046552
SDN00105_L00015_R00004.txt,0.3,0.991208791208791,0.0174291938997821,3,0.76260125200497
SDN00105_L00015_R00004.txt,0.4,0.991208791208791,0.0174291938997821,4,0.777437512995675
SDN00105_L00015_R00004.txt,0.5,0.956043956043956,0.0842105263157895,3,0.994015312986448
SDN00106_L00015_R00004.txt,0,1,0,4,0.198177118960302
SDN00106_L00015_R00004.txt,0.01,1,0,4,0.91143432399258
SDN00106_L00015_R00004.txt,0.02,1,0,4,0.949765709985513
SDN00106_L00015_R00004.txt,0.05,1,0,4,0.847179121046793
SDN00106_L00015_R00004.txt,0.1,1,0,4,0.971222647000104
SDN00106_L00015_R00004.txt,0.2,1,0,4,0.891494866984431
SDN00106_L00015_R00004.txt,0.3,0.960439560439561,0.0761099365750529,3,0.620618960994761
SDN00106_L00015_R00004.txt,0.4,0.969230769230769,0.0597014925373134,2,0.748669527005404
SDN00106_L00015_R00004.txt,0.5,0.951648351648352,0.0922431865828092,3,0.922426185978111
SDN00107_L00015_R00002.txt,0,1,0,2,0.655549874994904
SDN00107_L00015_R00002.txt,0.01,1,0,2,0.85989033599617
SDN00107_L00015_R00002.txt,0.02,1,0,2,1.02034200401977
SDN00107_L00015_R00002.txt,0.05,1,0,2,0.992387534002774
SDN00107_L00015_R00002.txt,0.1,1,0,2,1.09550539200427
SDN00107_L00015_R00002.txt,0.2,0.964835164835165,0.0679405520169851,2,0.913651192036923
SDN00107_L00015_R00002.txt,0.3,0.971428571428571,0.0555555555555556,2,0.989537476969417
SDN00107_L00015_R00002.txt,0.4,0.991208791208791,0.0174291938997821,1,1.25784512399696
SDN00107_L00015_R00002.txt,0.5,0.892307692307692,0.194444444444444,1,0.977112330961973
SDN00108_L00015_R00004.txt,0,1,0,4,0.170168674027082
SDN00108_L00015_R00004.txt,0.01,1,0,4,0.852976443013176
SDN00108_L00015_R00004.txt,0.02,1,0,4,0.653733938990627
SDN00108_L00015_R00004.txt,0.05,1,0,4,0.83182478195522
SDN00108_L00015_R00004.txt,0.1,1,0,4,0.801979816984385
SDN00108_L00015_R00004.txt,0.2,0.973626373626374,0.0513918629550321,3,0.804814744042233
SDN00108_L00015_R00004.txt,0.3,1,0,4,0.769500383990817
SDN00108_L00015_R00004.txt,0.4,0.935531135531136,0.121128699242946,3,0.727489621029235
SDN00108_L00015_R00004.txt,0.5,0.922344322344322,0.14411964649898,2,0.973647369013634
SDN00109_L00015_R00002.txt,0,1,0,2,0.536624832951929
SDN00109_L00015_R00002.txt,0.01,1,0,2,1.13724153803196
SDN00109_L00015_R00002.txt,0.02,1,0,2,1.00688028900186
SDN00109_L00015_R00002.txt,0.05,1,0,2,1.19901063200086
SDN00109_L00015_R00002.txt,0.1,1,0,2,1.12720579799498
SDN00109_L00015_R00002.txt,0.2,1,0,2,1.13253966596676
SDN00109_L00015_R00002.txt,0.3,1,0,2,1.03781610296574
SDN00109_L00015_R00002.txt,0.4,1,0,2,1.16164763300912
SDN00109_L00015_R00002.txt,0.5,0.875457875457876,0.221498371335505,1,1.12268433795543
SDN00110_L00015_R00000.txt,0,1,0,0,0.535777212004177
SDN00110_L00015_R00000.txt,0.01,1,0,0,0.663199403963517
SDN00110_L00015_R00000.txt,0.02,1,0,0,0.80280510900775
SDN00110_L00015_R00000.txt,0.05,1,0,0,0.509168140997645
SDN00110_L00015_R00000.txt,0.1,1,0,0,0.822720550990198
SDN00110_L00015_R00000.txt,0.2,0.983882783882784,0.0317231434751262,0,0.633161976002157
SDN00110_L00015_R00000.txt,0.3,1,0,0,0.723123283998575
SDN00110_L00015_R00000.txt,0.4,1,0,0,0.856674266979098
SDN00110_L00015_R00000.txt,0.5,0.991208791208791,0.0174291938997821,0,0.948969118006062
SDN00111_L00015_R00000.txt,0,1,0,0,0.475934508023784
SDN00111_L00015_R00000.txt,0.01,1,0,0,0.794299859961029
SDN00111_L00015_R00000.txt,0.02,1,0,0,0.586808593012393
SDN00111_L00015_R00000.txt,0.05,1,0,0,0.92215593799483
SDN00111_L00015_R00000.txt,0.1,1,0,0,0.653043621045072
SDN00111_L00015_R00000.txt,0.2,1,0,0,0.622859968978446
SDN00111_L00015_R00000.txt,0.3,0.978021978021978,0.043010752688172,0,1.00889126997208
SDN00111_L00015_R00000.txt,0.4,0.934065934065934,0.123711340206186,0,0.900912720011547
SDN00111_L00015_R00000.txt,0.5,1,0,0,0.972375064971857
SDN00112_L00015_R00001.txt,0,1,0,1,0.41626691602869
SDN00112_L00015_R00001.txt,0.01,1,0,1,0.936027389019728
SDN00112_L00015_R00001.txt,0.02,1,0,1,0.959755151008721
SDN00112_L00015_R00001.txt,0.05,1,0,1,0.993728499975987
SDN00112_L00015_R00001.txt,0.1,1,0,1,1.13905142003205
SDN00112_L00015_R00001.txt,0.2,1,0,1,0.959056382009294
SDN00112_L00015_R00001.txt,0.3,0.991208791208791,0.0174291938997821,1,0.982084346993361
SDN00112_L00015_R00001.txt,0.4,1,0,1,1.15857860300457
SDN00112_L00015_R00001.txt,0.5,0.923809523809524,0.141592920353982,2,1.15992782602552
SDN00113_L00015_R00005.txt,0,1,0,5,0.311841411981732
SDN00113_L00015_R00005.txt,0.01,1,0,5,0.874160634004511
SDN00113_L00015_R00005.txt,0.02,1,0,5,0.649005811021198
SDN00113_L00015_R00005.txt,0.05,1,0,5,0.636058873962611
SDN00113_L00015_R00005.txt,0.1,1,0,5,0.790113987983204
SDN00113_L00015_R00005.txt,0.2,0.957509157509158,0.0815179198875615,4,0.806397223030217
SDN00113_L00015_R00005.txt,0.3,1,0,5,0.735459689982235
SDN00113_L00015_R00005.txt,0.4,1,0,5,0.74618991400348
SDN00113_L00015_R00005.txt,0.5,0.991208791208791,0.0174291938997821,4,0.930735210014973
SDN00114_L00015_R00004.txt,0,1,0,4,0.215324975026306
SDN00114_L00015_R00004.txt,0.01,1,0,4,0.916821744991466
SDN00114_L00015_R00004.txt,0.02,1,0,4,0.76773885905277
SDN00114_L00015_R00004.txt,0.05,1,0,4,0.732534292968921
SDN00114_L00015_R00004.txt,0.1,1,0,4,0.91256942198379
SDN00114_L00015_R00004.txt,0.2,1,0,4,0.903477434010711
SDN00114_L00015_R00004.txt,0.3,1,0,4,0.986895295965951
SDN00114_L00015_R00004.txt,0.4,1,0,4,0.810513650008943
SDN00114_L00015_R00004.txt,0.5,0.923076923076923,0.142857142857143,1,0.983978710020892
SDN00115_L00015_R00003.txt,0,1,0,3,0.397125503979623
SDN00115_L00015_R00003.txt,0.01,1,0,3,0.90192884998396
SDN00115_L00015_R00003.txt,0.02,1,0,3,0.989828778023366
SDN00115_L00015_R00003.txt,0.05,1,0,3,0.762741039972752
SDN00115_L00015_R00003.txt,0.1,1,0,3,0.957058663014323
SDN00115_L00015_R00003.txt,0.2,0.976556776556777,0.0458124552612742,3,0.647560356010217
SDN00115_L00015_R00003.txt,0.3,1,0,3,0.676038570003584
SDN00115_L00015_R00003.txt,0.4,1,0,3,0.786924467014615
SDN00115_L00015_R00003.txt,0.5,0.943589743589744,0.106796116504854,2,0.966367012006231
SDN00116_L00015_R00003.txt,0,1,0,3,0.217708194046281
SDN00116_L00015_R00003.txt,0.01,1,0,3,0.596762305998709
SDN00116_L00015_R00003.txt,0.02,1,0,3,0.656386085029226
SDN00116_L00015_R00003.txt,0.05,1,0,3,0.871164964977652
SDN00116_L00015_R00003.txt,0.1,1,0,3,0.701982218015473
SDN00116_L00015_R00003.txt,0.2,0.991208791208791,0.0174291938997821,4,0.695626609027386
SDN00116_L00015_R00003.txt,0.3,1,0,3,0.787414252001327
SDN00116_L00015_R00003.txt,0.4,0.991208791208791,0.0174291938997821,3,0.799611474969424
SDN00116_L00015_R00003.txt,0.5,0.928205128205128,0.133971291866029,1,1.10479383799247
SDN00117_L00015_R00005.txt,0,1,0,5,0.206625597027596
SDN00117_L00015_R00005.txt,0.01,1,0,5,0.720170290966053
SDN00117_L00015_R00005.txt,0.02,1,0,5,0.736716780986171
SDN00117_L00015_R00005.txt,0.05,1,0,5,0.858533031016123
SDN00117_L00015_R00005.txt,0.1,1,0,5,0.833572526986245
SDN00117_L00015_R00005.txt,0.2,1,0,5,0.659281596017536
SDN00117_L00015_R00005.txt,0.3,1,0,5,0.876051383034792
SDN00117_L00015_R00005.txt,0.4,1,0,5,0.918408719997387
S
